unique_id, name, contact_info, membership_type, account_status
1,Dorotea Isworth,disworth0@cbc.ca,Student,Suspended
2,Sophie Station,sstation1@ustream.tv,Regular,Expired
3,Kaylee Coupe,kcoupe2@hugedomains.com,Student,Suspended
4,Curcio Levett,clevett3@devhub.com,Senior,Expired
5,Alix Maunton,amaunton4@unicef.org,Regular,Expired
6,Christal Muscroft,cmuscroft5@youtu.be,Regular,Suspended
7,Cort McCue,cmccue6@naver.com,Senior,Active
8,Maximilien Duchart,mduchart7@wufoo.com,Senior,Suspended
9,Alejoa Le Sarr,alesarr8@zdnet.com,Regular,Suspended
10,Hendrik Cathesyed,hcathesyed9@gmpg.org,Senior,Suspended
11,Rawley Dechelette,rdechelettea@weibo.com,Student,Active
12,Lindi Attwater,lattwaterb@hibu.com,Student,Suspended
13,Netti Grundey,ngrundeyc@illinois.edu,Student,Expired
14,Noland Linstead,nlinsteadd@guardian.co.uk,Senior,Active
15,Kippie Grogona,kgrogonae@foxnews.com,Regular,Active
16,Milli Pieterick,mpieterickf@fastcompany.com,Student,Expired
17,Barb Dudeney,bdudeneyg@weather.com,Senior,Expired
18,Jodi Tomney,jtomneyh@sitemeter.com,Senior,Active
19,Nicki Linwood,nlinwoodi@goo.gl,Senior,Active
20,Osborne Danat,odanatj@last.fm,Senior,Active
21,Dael Organ,dorgank@godaddy.com,Regular,Expired
22,Minny Pullman,mpullmanl@ocn.ne.jp,Student,Expired
23,Thaddeus Buddington,tbuddingtonm@bloomberg.com,Senior,Expired
24,Martita Balas,mbalasn@lulu.com,Student,Expired
25,Seka McCaskill,smccaskillo@booking.com,Senior,Active
26,Lind Bagby,lbagbyp@sbwire.com,Senior,Active
27,Sherline Clyant,sclyantq@odnoklassniki.ru,Regular,Expired
28,Humberto Dumbreck,hdumbreckr@i2i.jp,Senior,Active
29,Rusty De Cristoforo,rdecristoforos@senate.gov,Senior,Active
30,Stanislaus Pring,springt@guardian.co.uk,Senior,Active
31,Leanora Thorington,lthoringtonu@youtube.com,Senior,Expired
32,Laurianne Heninghem,lheninghemv@cisco.com,Senior,Suspended
33,Chrystel Ferney,cferneyw@cnet.com,Regular,Expired
34,Rubin Kopecka,rkopeckax@miitbeian.gov.cn,Regular,Active
35,Hurlee Fegan,hfegany@geocities.com,Senior,Expired
36,Shawnee Mocquer,smocquerz@tmall.com,Senior,Suspended
37,Herculie O'Fairy,hofairy10@elpais.com,Senior,Suspended
38,Hephzibah D'Souza,hdsouza11@w3.org,Regular,Active
39,Fayth Dunnico,fdunnico12@github.io,Senior,Active
40,Juliette Witchard,jwitchard13@godaddy.com,Regular,Expired
41,Rhonda Kiggel,rkiggel14@naver.com,Student,Expired
42,Elvyn Andreu,eandreu15@unblog.fr,Regular,Suspended
43,Norri Tomlins,ntomlins16@admin.ch,Student,Suspended
44,Brandice Ullyott,bullyott17@hostgator.com,Student,Expired
45,Correy Ferrarello,cferrarello18@nba.com,Student,Expired
46,Niall Ripsher,nripsher19@geocities.com,Student,Suspended
47,Suzann Duesberry,sduesberry1a@hubpages.com,Student,Expired
48,Corny Stroobant,cstroobant1b@blogger.com,Regular,Suspended
49,Anya Castletine,acastletine1c@sun.com,Student,Expired
50,Asher Sergeaunt,asergeaunt1d@npr.org,Senior,Suspended
